codigo_producto,item_nombre,frecuencia_venta,promedio_diario,unidades_totales,precio_carta,costos,q_insumos,margen,categoria
1000001,ANTICUCHO  VIKINGO,1.0,4.419,137,32.0,9.196954436,11.0,22.803045564,PLATO_FONDO_INDIVIDUAL
1000002,ANTICUCHO CLÁSICO,0.903,2.516,78,30.0,5.155154436,5.0,24.844845564,PLATO_FONDO_INDIVIDUAL
1000005,CHORIZO (1 UNIDAD),0.742,1.548,48,4.0,1.32,1.0,2.6799999999999997,COMPLEMENTO_ADICIONAL
1000006,TOMAHAWK 500 GR,1.0,9.161,284,66.0,28.127140436,9.0,37.872859563999995,PLATO_FONDO_INDIVIDUAL
1000008,PICAÑA,1.0,17.935,556,45.0,16.2926689728,9.0,28.7073310272,PLATO_FONDO_INDIVIDUAL
1000009,OJO DE CUADRIL,0.903,2.129,66,48.0,16.5058516728,9.0,31.4941483272,PLATO_FONDO_INDIVIDUAL
1000010,T-BONE STEAK,0.774,2.161,67,50.0,17.5658516728,9.0,32.4341483272,PLATO_FONDO_INDIVIDUAL
1000011,LOMO FINO,1.0,7.806,242,50.0,18.5013762728,9.0,31.4986237272,PLATO_FONDO_INDIVIDUAL
1000012,BIFE ANCHO,1.0,4.903,152,48.0,17.2158516728,9.0,30.7841483272,PLATO_FONDO_INDIVIDUAL
1000013,BIFE ANGOSTO,0.968,3.935,122,48.0,16.5558516728,9.0,31.4441483272,PLATO_FONDO_INDIVIDUAL
1000015,ASADO DE TIRA CON HUESO,1.0,9.0,279,39.0,13.3258516728,9.0,25.6741483272,PLATO_FONDO_INDIVIDUAL
1000016,ASADO DE TIRA SIN HUESO,1.0,3.871,120,43.0,13.6058516728,9.0,29.3941483272,PLATO_FONDO_INDIVIDUAL
1000017,LINGUINI SALSA CHAMP C/BIFE,0.323,0.452,14,53.0,21.034531853721518,15.0,31.965468146278482,PLATO_FONDO_INDIVIDUAL
1000019,LINGUINI SALSA CHAMP C/PICAÑA,0.484,0.71,22,53.0,19.85729915372152,13.0,33.14270084627848,PLATO_FONDO_INDIVIDUAL
1000020,LINGUINI SALSA 3 QUESOS C/BIFE,0.516,0.581,18,53.0,19.068858436,15.0,33.931141564,PLATO_FONDO_INDIVIDUAL
1000022,LINGUINI SALSA 3 QUESOS C/PICAÑA,0.581,1.226,38,53.0,18.195675736,15.0,34.804324264,PLATO_FONDO_INDIVIDUAL
1000023,RIGATONI SALSA PIC VIKIN C/BIFE,0.387,0.452,14,53.0,20.451294436,20.0,32.548705564,PLATO_FONDO_INDIVIDUAL
1000025,RIGATONI SALSA PIC VIKIN C/PICAÑA,0.484,0.71,22,53.0,19.578111736,20.0,33.421888264,PLATO_FONDO_INDIVIDUAL
1000026,PARRILLA VIKINGA,1.0,18.452,572,130.0,44.586551472,11.0,85.413448528,PLATO_FONDO_FAMILIAR
1000027,PARRILLA VALQUIRIA,1.0,13.742,426,87.0,26.432842472,9.0,60.567157527999996,PLATO_FONDO_FAMILIAR
1000028,TRÍO DE CORTES,1.0,5.613,174,110.0,44.976983872,9.0,65.023016128,PLATO_FONDO_FAMILIAR
1000035,EMPANADAS TIPO ARGENTINAS 3 UNID ,0.968,3.419,106,12.0,2.498482008,2.0,9.501517992,ENTRADA_PIQUEO
1000035,EMPANADAS TIPO ARGENTINAS 3 UNID,0.419,0.548,17,12.0,2.498482008,2.0,9.501517992,ENTRADA_PIQUEO
1000036,EMPANADAS TIPO ARGENTINAS 6 UNID ,0.935,2.935,91,19.9,4.748932008,2.0,15.151067991999998,ENTRADA_PIQUEO
1000036,EMPANADAS TIPO ARGENTINAS 6 UNID,0.516,0.742,23,19.9,4.748932008,2.0,15.151067991999998,ENTRADA_PIQUEO
1000037,PAN AL AJO AL GRILL,0.71,1.613,50,12.0,1.1150801056,1.0,10.8849198944,ENTRADA_PIQUEO
1000038,CORDERO A LA PARRILLA,1.0,18.0,558,38.0,15.155064686,7.0,22.844935314,PLATO_FONDO_INDIVIDUAL
1000039,PAVITA A LA PARRILLA,0.839,2.645,82,42.0,11.615064686,7.0,30.384935314,PLATO_FONDO_INDIVIDUAL
1000040,FILETE DE POLLO,1.0,30.161,935,32.0,7.943399036,7.0,24.056600964,PLATO_FONDO_INDIVIDUAL
1000041,CHULETA DE RES - 500 GR,1.0,7.839,243,42.0,19.149540436,7.0,22.850459564,PLATO_FONDO_INDIVIDUAL
1000042,CHULETA DE RES - 300 GR,1.0,43.387,1345,32.0,12.725064686,7.0,19.274935314,PLATO_FONDO_INDIVIDUAL
1000043,CHULETA DE CERDO,1.0,28.032,869,32.0,8.505064686,7.0,23.494935314,PLATO_FONDO_INDIVIDUAL
1000044,ALMUERZO PARRILLERO,0.742,15.258,473,25.0,10.204513186,6.0,14.795486814,ALMUERZOS
1000045,ALMUERZO ITALIANO,0.71,5.226,162,29.9,19.115471786,20.0,10.784528213999998,ALMUERZOS
1000046,ALMUERZO EJECUTIVO,0.71,14.581,452,29.9,15.630899186,17.0,14.269100813999998,ALMUERZOS
1000047,COSTILLA DE CERDO TRADICIONAL,1.0,12.387,384,35.0,10.647064686,7.0,24.352935314,PLATO_FONDO_INDIVIDUAL
1000048,COSTILLA DE BBQ VIKINGA,0.968,4.484,139,39.0,12.462662686,8.0,26.537337314,PLATO_FONDO_INDIVIDUAL
1000049,COSTILLAS EN SALSA DE MARACUYÁ,0.613,1.355,42,39.0,11.298757686,8.0,27.701242313999998,PLATO_FONDO_INDIVIDUAL
1000050,COSTILLA CERDO EN MIEL Y AJONJOLÍ,0.806,2.065,64,39.0,13.114064686,9.0,25.885935314,PLATO_FONDO_INDIVIDUAL
1000051,COSTILLA EN SALSA BÚFFALO,0.613,1.194,37,39.0,12.922099366,8.0,26.077900634000002,PLATO_FONDO_INDIVIDUAL
1000052,FESTIVAL DE COSTILLAS,0.71,1.806,56,69.0,26.574663808,11.0,42.425336192,PLATO_FONDO_INDIVIDUAL
1000053,TRÍO DE ALITAS,1.0,5.419,168,39.0,13.9044708,7.0,25.0955292,NIÑOS
1000054,ALITAS BBQ,1.0,6.323,196,35.0,11.8552698,6.0,23.144730199999998,NIÑOS
1000055,ALITAS HONEY MUSTARD,0.226,0.226,7,35.0,11.6950708,5.0,23.3049292,NIÑOS
1000056,ALITAS SALSA DE MARACUYÁ,0.419,0.677,21,35.0,11.1483173,6.0,23.851682699999998,NIÑOS
1000057,LOMO SALTADO,0.871,2.581,80,45.0,12.0646843,12.0,32.935315700000004,PLATO_FONDO_INDIVIDUAL
1000058,LOMO SALTADO EN SALSA HUANCAÍNA,0.935,1.774,55,48.0,15.0042717,20.0,32.995728299999996,PLATO_FONDO_INDIVIDUAL
1000059,LOMO MONTADO,0.871,2.065,64,47.0,12.3902516,13.0,34.6097484,PLATO_FONDO_INDIVIDUAL
1000060,SALCHIPAPA VIKINGA,1.0,12.29,381,35.0,16.39424,12.0,18.60576,NIÑOS
1000061,SALCHIPAPA CLÁSICA,0.806,1.613,50,29.0,7.91153,9.0,21.08847,NIÑOS
1000062,SALCHIPOLLO,0.839,1.29,40,32.0,11.63409,9.0,20.36591,NIÑOS
1000064,HAMBURGUESA VIKINGA,0.677,1.0,31,33.0,8.335767226,15.0,24.664232774,NIÑOS
1000065,HAMBURGUESA ROYAL,0.581,1.032,32,29.0,7.82068528,14.0,21.17931472,NIÑOS
1000066,HAMBURGUESA CLÁSICA,0.613,1.0,31,28.0,7.10118528,12.0,20.89881472,NIÑOS
1000067,PORCIÓN  PAPAS FRITAS,0.71,1.452,45,12.0,1.69244,4.0,10.30756,COMPLEMENTO_ADICIONAL
1000068,PORCIÓN  PAPAS AL GRILL,0.581,1.161,36,12.0,1.644862406,3.0,10.355137594,COMPLEMENTO_ADICIONAL
1000071,PORCIÓN ARROZ CHAUFA,0.774,1.419,44,12.0,1.648532,10.0,10.351468,COMPLEMENTO_ADICIONAL
1000072,RODAJA DE PIÑA ASADA,0.258,0.323,10,12.0,4.4475,3.0,7.5525,COMPLEMENTO_ADICIONAL
1000076,Cambio Chuleta de res 300 GR,0.226,0.226,7,2.0,9.47,1.0,-7.470000000000001,CAMBIOS
1000078,Cambio Filete de pollo 300 GR,0.29,0.355,11,2.0,4.7196646,1.0,-2.7196645999999998,CAMBIOS
1000079,ALITAS BÚFFALO,0.742,1.806,56,35.0,11.14463814,6.0,23.855361860000002,NIÑOS
1000080,PORCIÓN DE ARROZ BLANCO,0.871,2.484,77,8.0,0.3681166,1.0,7.6318833999999995,COMPLEMENTO_ADICIONAL
1000081,PORCIÓN DE TORTA,0.71,1.613,50,12.0,7.5,1.0,4.5,POSTRE
1000082,MATAMBRE DE CERDO,0.452,0.903,28,40.0,10.936952656,13.0,29.063047343999997,PLATO_FONDO_INDIVIDUAL
1000083,PIQUEO DE CHANCHO A LA BBQ,0.71,0.968,30,46.0,13.256032,9.0,32.743968,ENTRADA_PIQUEO
1000084,RONDA VIKINGA,0.968,5.226,162,65.0,20.204788588,15.0,44.795211412,ENTRADA_PIQUEO
1000085,ASADO DE TIRA 250GR AMERICANO,0.161,0.226,7,98.0,31.9358516728,9.0,66.0641483272,PLATO_FONDO_INDIVIDUAL
1000086,BIFE ANCHO AMERICANO,0.387,0.516,16,111.0,54.5058516728,9.0,56.4941483272,PLATO_FONDO_INDIVIDUAL
1000087,PICAÑA AMERICANA,0.548,1.129,35,75.0,35.8358516728,9.0,39.1641483272,PLATO_FONDO_INDIVIDUAL
1000088,COLITA DE CUADRIL AMERICANA,0.194,0.226,7,65.0,24.0658516728,9.0,40.9341483272,PLATO_FONDO_INDIVIDUAL
1000089,ENTRAÑA FINA AMERICANA,0.226,0.226,7,69.0,29.7189971728,9.0,39.2810028272,PLATO_FONDO_INDIVIDUAL
1000090,MIX PIQUEO AMERICANO,0.323,0.355,11,120.0,70.455421308,7.0,49.544578692,PLATO_FONDO_INDIVIDUAL
1000092,PICAÑA URUGUAYA,0.161,0.194,6,69.0,26.2758516728,9.0,42.7241483272,PLATO_FONDO_INDIVIDUAL
1000095,LOMO EN SALSA DE CHAMPIÑONES,0.194,0.258,8,62.0,14.4040446,12.0,47.5959554,PLATO_FONDO_INDIVIDUAL
1000096,COSTILLA EN SALSA TERIYAKI,0.258,0.323,10,39.0,11.393644686,8.0,27.606355313999998,PLATO_FONDO_INDIVIDUAL
1000097,ALITAS CRISPY PICANTES,0.548,0.839,26,35.0,12.972951812658227,16.0,22.027048187341773,NIÑOS
1000099,ALITAS ACEVICHADAS,0.871,1.903,59,35.0,10.58179284,5.0,24.41820716,NIÑOS
1000100,BISTECK MONTADO,0.871,2.323,72,40.0,10.1077212,14.0,29.8922788,PLATO_FONDO_INDIVIDUAL
1000101,BISTECK A LO POBRE,1.0,7.484,232,43.0,12.30268619919648,21.0,30.69731380080352,PLATO_FONDO_INDIVIDUAL
1000102,SALCHIPAPA ROYAL,0.677,1.161,36,30.0,8.36209,9.0,21.637909999999998,NIÑOS
1000103,SALCHIPAPA PARRILLERA,0.613,1.0,31,30.0,6.259357218,5.0,23.740642782000002,NIÑOS
1000104,SALCHICHANCHO,0.452,0.806,25,36.0,13.31234,9.0,22.68766,NIÑOS
1000105,MILKSHAKE,0.581,1.774,55,18.0,5.262264882700422,6.0,12.737735117299579,POSTRE
1000106,ODÍN,0.226,0.355,11,20.0,6.0059959493670885,8.0,13.994004050632912,POSTRE
1000107,HELADO VIKINGO,0.71,1.387,43,17.0,2.50391,7.0,14.49609,POSTRE
1000108,VIKINGO FROZEN,0.226,0.258,8,20.0,4.4079992827004215,8.0,15.592000717299578,POSTRE
1000109,HUEVO,0.742,1.903,59,2.0,0.46,1.0,1.54,COMPLEMENTO_ADICIONAL
1000113,PORCIÓN DE ENSALADA ,0.387,0.548,17,12.0,2.317743462,4.0,9.682256538,COMPLEMENTO_ADICIONAL
2000001,ORGASMO VIKINGO,0.258,0.355,11,26.0,8.459323296202532,6.0,17.540676703797466,BEBIDA_INDIVIDUAL_ALC
2000003,NEGRONI,0.258,0.355,11,25.0,6.121756666666666,5.0,18.878243333333334,BEBIDA_INDIVIDUAL_ALC
2000004,PIÑA COLADA,0.806,1.935,60,25.0,4.18230914514768,6.0,20.81769085485232,BEBIDA_INDIVIDUAL_ALC
2000005,MACHU PICCHU,0.484,1.032,32,20.0,2.070698,5.0,17.929302,BEBIDA_INDIVIDUAL_ALC
2000006,ALGARROBINA,0.516,1.194,37,23.0,3.2510892628691983,7.0,19.748910737130803,BEBIDA_INDIVIDUAL_ALC
2000007,PISCO SOUR EL CLÁSICO,0.548,1.452,45,23.0,2.6760854666666667,6.0,20.323914533333333,BEBIDA_INDIVIDUAL_ALC
2000011,PISCO SOUR DE MARACUYÁ,0.258,0.387,12,23.0,2.9410864895666666,7.0,20.058913510433335,BEBIDA_INDIVIDUAL_ALC
2000013,MOJITO EL CLÁSICO,0.323,0.484,15,22.0,2.7562260712666666,8.0,19.243773928733333,BEBIDA_INDIVIDUAL_ALC
2000014,MOJITO DE FINAS HIERBAS,0.129,0.129,4,22.0,2.62217894628,8.0,19.377821053719998,BEBIDA_INDIVIDUAL_ALC
2000015,MOJITO DE ARÁNDANOS,0.161,0.194,6,22.0,2.6792353106,8.0,19.3207646894,BEBIDA_INDIVIDUAL_ALC
2000016,MOJITO DE MARACUYÁ,0.387,0.677,21,22.0,3.0651390286266667,9.0,18.934860971373332,BEBIDA_INDIVIDUAL_ALC
2000017,MOJITO DE FRESA,0.323,0.581,18,22.0,2.647867454092,8.0,19.352132545908,BEBIDA_INDIVIDUAL_ALC
2000020,CHILCANO DE MARACUYÁ,0.161,0.194,6,22.0,2.85867356196,8.0,19.14132643804,BEBIDA_INDIVIDUAL_ALC
2000021,CHILCANO DE ARÁNDANOS,0.161,0.226,7,22.0,2.467439843933333,7.0,19.532560156066666,BEBIDA_INDIVIDUAL_ALC
2000033,SPARKLINGS DE FRESA,0.452,0.839,26,15.0,2.0197507497216667,7.0,12.980249250278334,BEBIDA_INDIVIDUAL_NO_ALC
2000034,SPARKLINGS DE MARACUYÁ,0.581,1.226,38,15.0,2.1892364918666667,7.0,12.810763508133334,BEBIDA_INDIVIDUAL_NO_ALC
2000035,SPARKLINGS DE ARÁNDANOS,0.71,1.194,37,15.0,2.078148296466667,7.0,12.921851703533333,BEBIDA_INDIVIDUAL_NO_ALC
2000039,SPARKLINGS DE FINAS HIERBAS,0.387,0.677,21,15.0,2.002068856666667,7.0,12.997931143333332,BEBIDA_INDIVIDUAL_NO_ALC
2000044,SANTIAGO QUEIROLO ROSÉ,0.29,0.516,16,48.0,13.0,1.0,35.0,BEBIDA_COMPARTIR_ALC
2000046,TACAMA ROSÉ,0.161,0.29,9,80.0,18.0,1.0,62.0,BEBIDA_COMPARTIR_ALC
2000048,INTIPALKA MALBEC,0.194,0.194,6,90.0,30.06,1.0,59.94,BEBIDA_COMPARTIR_ALC
2000048,INTIPALKA MALVEC,0.129,0.129,4,90.0,30.06,1.0,59.94,BEBIDA_COMPARTIR_ALC
2000050,INTIPALKA CABERNET SAUVIGNON,0.129,0.129,4,90.0,40.0,1.0,50.0,BEBIDA_COMPARTIR_ALC
2000051,CASILLERO DIABLO CABERNET SAUVIGNON,0.129,0.129,4,95.0,37.0,1.0,58.0,BEBIDA_COMPARTIR_ALC
2000054,NAVARRO CORREA MALBEC,0.129,0.161,5,110.0,48.0,1.0,62.0,BEBIDA_COMPARTIR_ALC
2000056,SANGRIA CLÁSICA JARRA,0.613,0.968,30,35.0,8.7355913681,7.0,26.2644086319,BEBIDA_COMPARTIR_ALC
2000056,SANGRÍA CLÁSICA JARRA,0.226,0.323,10,35.0,8.7355913681,7.0,26.2644086319,BEBIDA_COMPARTIR_ALC
2000057,SANGRIA CLÁSICA VASO,0.129,0.129,4,19.0,2.1824178681,7.0,16.8175821319,BEBIDA_INDIVIDUAL_ALC
2000058,SANGRÍA ESPAÑOLA JARRA,0.548,1.0,31,38.0,9.376339701433333,7.0,28.62366029856667,BEBIDA_COMPARTIR_ALC
2000059,SANGRÍA ESPAÑOLA VASO,0.452,0.677,21,20.0,2.3746445347666665,7.0,17.625355465233334,BEBIDA_INDIVIDUAL_ALC
2000060,VINO CALIENTE JARRA,0.742,1.935,60,40.0,9.692839701433334,8.0,30.307160298566664,BEBIDA_COMPARTIR_ALC
2000061,VINO CALIENTE COPA,0.452,0.871,27,21.0,2.5201445347666667,8.0,18.479855465233335,BEBIDA_INDIVIDUAL_ALC
2000062,LIMONADA CLÁSICA JARRA,1.0,18.161,563,19.0,1.8978818046,4.0,17.1021181954,BEBIDA_COMPARTIR_NO_ALC
2000063,LIMONADA CLÁSICA VASO,0.968,2.258,70,10.0,0.8345074023,4.0,9.1654925977,BEBIDA_INDIVIDUAL_NO_ALC
2000064,LIMONADA FROZEN JARRA,0.968,3.742,116,20.0,2.5066098046,5.0,17.4933901954,BEBIDA_COMPARTIR_NO_ALC
2000065,LIMONADA FROZEN VASO,0.387,0.484,15,11.0,1.4738074023,5.0,9.5261925977,BEBIDA_INDIVIDUAL_NO_ALC
2000066,LIMONADA ELÉCTRICA JARRA,0.71,1.226,38,21.0,3.3963484712666667,5.0,17.603651528733334,BEBIDA_COMPARTIR_NO_ALC
2000068,LIMONADA DE MENTA JARRA,0.806,1.677,52,21.0,3.3569151379333335,5.0,17.643084862066665,BEBIDA_COMPARTIR_NO_ALC
2000069,LIMONADA DE MENTA VASO,0.484,0.677,21,11.0,1.1993274023,5.0,9.8006725977,BEBIDA_INDIVIDUAL_NO_ALC
2000070,LIMONADA DE HIERBA BUENA JARRA,1.0,6.419,199,21.0,2.4542818046,5.0,18.5457181954,BEBIDA_COMPARTIR_NO_ALC
2000071,LIMONADA DE HIERBA BUENA VASO,0.581,1.0,31,11.0,0.9736074023,5.0,10.0263925977,BEBIDA_INDIVIDUAL_NO_ALC
2000074,CHICHA MORADA JARRA,1.0,16.0,496,19.0,2.2197,2.0,16.7803,BEBIDA_COMPARTIR_NO_ALC
2000075,CHICHA MORADA VASO,0.774,1.774,55,10.0,1.2048,2.0,8.7952,BEBIDA_INDIVIDUAL_NO_ALC
2000076,MARACUYÁ JARRA,1.0,12.968,402,19.0,2.7697,2.0,16.2303,BEBIDA_COMPARTIR_NO_ALC
2000077,MARACUYÁ VASO,0.742,1.355,42,10.0,1.4798,2.0,8.520199999999999,BEBIDA_INDIVIDUAL_NO_ALC
2000078,INCA KOLA 2.25 LT,0.935,3.323,103,20.0,8.1,1.0,11.9,BEBIDA_COMPARTIR_NO_ALC
2000079,INCA KOLA 1 LT,0.968,5.71,177,10.0,3.49,1.0,6.51,BEBIDA_COMPARTIR_NO_ALC
2000080,INCA KOLA 500 ML,0.935,2.806,87,6.0,2.61,1.0,3.39,BEBIDA_COMPARTIR_NO_ALC
2000081,INCA KOLA 296 ML,0.935,2.806,87,4.0,1.24,1.0,2.76,BEBIDA_INDIVIDUAL_NO_ALC
2000082,COCA COLA 2.25 LT,0.935,3.484,108,20.0,8.24,1.0,11.76,BEBIDA_COMPARTIR_NO_ALC
2000083,COCA COLA 1 LT,1.0,6.645,206,10.0,3.46,1.0,6.54,BEBIDA_COMPARTIR_NO_ALC
2000084,COCA COLA 500 ML,1.0,5.0,155,6.0,2.61,1.0,3.39,BEBIDA_COMPARTIR_NO_ALC
1000018,LINGUINI SALSA CHAMP C/CUADRIL,0.065,0.065,2,53.0,20.374531853721518,15.0,32.62546814627848,PLATO_FONDO_INDIVIDUAL
1000021,LINGUINI SALSA 3 QUESOS C/CUADRIL,0.097,0.097,3,53.0,18.408858436,15.0,34.591141564,PLATO_FONDO_INDIVIDUAL
1000024,RIGATONI SALSA PIC VIKIN C/CUADRIL,0.097,0.097,3,53.0,19.791294436,20.0,33.208705564,PLATO_FONDO_INDIVIDUAL
1000091,BIFE ANCHO URUGUAYO,0.065,0.129,4,90.0,25.6858516728,9.0,64.3141483272,PLATO_FONDO_INDIVIDUAL
1000094,PEPPER STEAK,0.065,0.065,2,62.0,15.1964846,10.0,46.8035154,PLATO_FONDO_INDIVIDUAL
1000098,ALITAS TERIYAKI,0.065,0.065,2,35.0,10.3561608,5.0,24.643839200000002,NIÑOS
1000110,ASADO DE TIRA 500GR AMERICANO,0.065,0.065,2,148.0,60.4658516728,9.0,87.5341483272,PLATO_FONDO_INDIVIDUAL
2000002,AZOTE VIKINGO,0.097,0.097,3,26.0,3.3070428895666666,6.0,22.692957110433333,BEBIDA_INDIVIDUAL_ALC
2000008,PISCO SOUR DE FINAS HIERBAS,0.065,0.065,2,23.0,2.4459965877,6.0,20.5540034123,BEBIDA_INDIVIDUAL_ALC
2000009,PISCO SOUR DE ARÁNDANOS,0.097,0.226,7,23.0,2.4459965877,6.0,20.5540034123,BEBIDA_INDIVIDUAL_ALC
2000012,PISCO SOUR DE FRESA,0.097,0.129,4,23.0,2.480249861755,6.0,20.519750138245,BEBIDA_INDIVIDUAL_ALC
2000018,CHILCANO EL CLÁSICO,0.065,0.065,2,22.0,2.2827435379333334,7.0,19.717256462066665,BEBIDA_INDIVIDUAL_ALC
2000019,CHILCANO DE FINAS HIERBAS,0.065,0.065,2,22.0,2.4103834796133334,7.0,19.589616520386667,BEBIDA_INDIVIDUAL_ALC
2000022,CHILCANO DE FRESA,0.032,0.032,1,22.0,2.3411219874253333,7.0,19.658878012574668,BEBIDA_INDIVIDUAL_ALC
2000028,GIN TONIC,0.065,0.258,8,25.0,3.823106666666667,6.0,21.176893333333332,BEBIDA_INDIVIDUAL_ALC
2000043,SANTIAGO QUEIROLO BORGOÑA,0.097,0.129,4,48.0,13.0,1.0,35.0,BEBIDA_COMPARTIR_ALC
2000045,SANTIAGO QUEIROLO MAGDALENA,0.032,0.032,1,48.0,13.0,1.0,35.0,BEBIDA_COMPARTIR_ALC
2000047,TACAMA GRAN TINTO,0.032,0.065,2,90.0,24.5,1.0,65.5,BEBIDA_COMPARTIR_ALC
2000053,FRONTERA CABERNET SAUVIGNON,0.032,0.032,1,60.0,45.0,1.0,15.0,BEBIDA_COMPARTIR_ALC
2000057,SANGRÍA CLÁSICA VASO,0.097,0.097,3,19.0,2.1824178681,7.0,16.8175821319,BEBIDA_INDIVIDUAL_ALC
2000067,LIMONADA ELÉCTRICA VASO,0.097,0.129,4,11.0,1.2091874023,5.0,9.7908125977,BEBIDA_INDIVIDUAL_NO_ALC
2000086,COCA COLA 296 ML,0.935,4.29,133,4.0,1.24,1.0,2.76,BEBIDA_INDIVIDUAL_NO_ALC
2000091,AGUA SIN GAS,1.0,4.194,130,5.0,1.19,1.0,3.81,BEBIDA_INDIVIDUAL_NO_ALC
2000092,AGUA CON GAS,0.581,1.194,37,5.0,1.38,1.0,3.62,BEBIDA_INDIVIDUAL_NO_ALC
2000093,CAPUCCINO CLÁSICO,0.065,0.065,2,11.0,6.943695569620253,3.0,4.056304430379747,BEBIDA_INDIVIDUAL_NO_ALC
2000094,CAPUCCINO CREMA,0.032,0.032,1,12.0,8.027455569620253,4.0,3.972544430379747,BEBIDA_INDIVIDUAL_NO_ALC
2000096,AMERICANO,0.29,0.452,14,8.0,8.4834,2.0,-0.4833999999999996,BEBIDA_INDIVIDUAL_NO_ALC
2000100,INFUSIONES CLÁSICAS,1.0,8.645,268,5.0,0.1217,2.0,4.8783,BEBIDA_INDIVIDUAL_NO_ALC
2000101,INFUSIÓN VIKINGAS,0.839,2.129,66,12.0,1.61263,3.0,10.38737,BEBIDA_INDIVIDUAL_NO_ALC
2000102,CHOP GREEN VIKINGA,0.677,1.323,41,23.0,10.153786666666667,3.0,12.846213333333333,BEBIDA_INDIVIDUAL_ALC
2000103,CHOP CLÁSICA,0.129,0.129,4,21.0,9.03,2.0,11.97,BEBIDA_INDIVIDUAL_ALC
2000104,CUSQUEÑA NEGRA - 630 ML,0.452,0.839,26,16.0,5.15,1.0,10.85,BEBIDA_COMPARTIR_NO_ALC
2000105,CUSQUEÑA NEGRA - 330 ML,0.226,0.355,11,12.0,1.91,1.0,10.09,BEBIDA_INDIVIDUAL_ALC
2000106,CUSQUEÑA TRIGO - 630 ML,0.452,1.161,36,16.0,5.64,1.0,10.36,BEBIDA_COMPARTIR_NO_ALC
2000129,BRAND ESPADA,0.032,0.032,1,26.0,3.076176488003,6.0,22.923823511997,BEBIDA_INDIVIDUAL_ALC
2000106,CUSQUEÑA TRIGO - 630 ML ,0.097,0.161,5,16.0,5.64,1.0,10.36,BEBIDA_COMPARTIR_NO_ALC
2000107,CUSQUEÑA TRIGO - 330 ML,0.29,0.677,21,12.0,4.12,1.0,7.88,BEBIDA_INDIVIDUAL_ALC
2000108,CUSQUEÑA DORADA - 630 ML,0.452,1.161,36,16.0,6.04,1.0,9.96,BEBIDA_COMPARTIR_ALC
2000109,CUSQUEÑA DORADA - 330 ML,0.097,0.323,10,12.0,3.92,1.0,8.08,BEBIDA_INDIVIDUAL_ALC
2000111,CORONA - 355 ML,0.29,0.839,26,12.0,3.88,1.0,8.120000000000001,BEBIDA_INDIVIDUAL_ALC
2000112,PILSEN - 630 ML,0.548,2.968,92,13.0,5.58,1.0,7.42,BEBIDA_COMPARTIR_ALC
2000113,PILSEN - 355 ML,0.387,1.032,32,10.0,3.45,1.0,6.55,BEBIDA_INDIVIDUAL_ALC
2000114,STELLA ARTOIS,0.258,0.581,18,12.0,4.48,1.0,7.52,BEBIDA_INDIVIDUAL_ALC
2000116,SANGRÍA VIKINGA JARRA,0.484,0.903,28,38.0,7.268729334766666,8.0,30.731270665233332,BEBIDA_COMPARTIR_ALC
2000116,SANGRIA VIKINGA JARRA,0.129,0.161,5,38.0,7.268729334766666,8.0,30.731270665233332,BEBIDA_COMPARTIR_ALC
2000117,SANGRÍA VIKINGA VASO,0.129,0.129,4,20.0,3.7093712681,8.0,16.2906287319,BEBIDA_INDIVIDUAL_ALC
2000118,CORTESIA  ,1.0,57.355,1778,0.0,2.9102954666666667,6.0,-2.9102954666666667,CORTESIA
2000118,CORTESIA,1.0,34.032,1055,0.0,2.9102954666666667,6.0,-2.9102954666666667,CORTESIA
2000127,ARI ÁGUILA,0.871,2.032,63,28.0,4.335767658285,10.0,23.664232341715,BEBIDA_INDIVIDUAL_ALC
2000128,ASGEIR LANZA DE DIOS,0.065,0.065,2,26.0,3.4211511404334,7.0,22.578848859566598,BEBIDA_INDIVIDUAL_ALC
2000130,EINAR LIDER GUERRERO,0.129,0.194,6,27.0,3.235388608429104,5.0,23.764611391570895,BEBIDA_INDIVIDUAL_ALC
2000131,EIRICK GOBERNANTE ETERNO,0.065,0.065,2,26.0,3.294754326238,6.0,22.705245673762,BEBIDA_INDIVIDUAL_ALC
2000132,GUDRUN AMADO POR LOS DIOSES,0.032,0.032,1,25.0,10.6516179407537,4.0,14.3483820592463,BEBIDA_INDIVIDUAL_ALC
2000133,HELGAR SANTO,0.032,0.097,3,26.0,3.9529208353128,5.0,22.0470791646872,BEBIDA_INDIVIDUAL_ALC
2000137,PORTAL DEL TIEMPO BORGOÑA,0.065,0.065,2,49.0,15.19,1.0,33.81,BEBIDA_COMPARTIR_ALC
2000139,SPARKLINGS DE PIÑA,0.452,0.774,24,15.0,2.7948353954666665,8.0,12.205164604533334,BEBIDA_INDIVIDUAL_NO_ALC
2000140,SPARKLINGS DE NARANJA,0.484,0.581,18,15.0,2.2528636734,7.0,12.7471363266,BEBIDA_INDIVIDUAL_NO_ALC
2000141,LIMONADA VALQUIRIA JARRA,0.452,0.968,30,23.0,3.572551514752432,6.0,19.427448485247567,BEBIDA_COMPARTIR_NO_ALC
2000142,LIMONADA VALQUIRIA VASO,0.097,0.097,3,12.0,3.857019692780256,6.0,8.142980307219744,BEBIDA_INDIVIDUAL_NO_ALC
2000143,LIMONADA FREYA JARRA,0.323,0.452,14,23.0,8.8749812289224,6.0,14.1250187710776,BEBIDA_COMPARTIR_NO_ALC
2000144,LIMONADA FREYA VASO,0.097,0.097,3,12.0,1.4906969074392,6.0,10.509303092560799,BEBIDA_INDIVIDUAL_NO_ALC
2000145,AMOR FRIO,0.452,0.774,24,25.0,2.4405253333333334,4.0,22.559474666666667,BEBIDA_INDIVIDUAL_ALC
3000000,PARRILLA VALQUIRIA + GASEOSA 1 LT,0.258,0.452,14,90.0,30.174976908,11.0,59.825023091999995,PROMOCIONES_REDES
3000001,SHOT ANIS NAJAR,0.032,0.032,1,8.0,2.6026,1.0,5.3974,BEBIDA_INDIVIDUAL_ALC
3000006,PROMO CÓCTEL CHILCANO (3x2),0.645,1.71,53,44.0,6.3132022,6.0,37.6867978,PROMOCIONES_REDES
3000007,PROMO CÓCTEL MOJITO (3x2),0.484,0.935,29,44.0,4.879875,1.0,39.120125,PROMOCIONES_REDES
3000008,PISCO SOUR CUMPLEAÑERA,0.613,1.258,39,0.0,2.8197216,6.0,-2.8197216,CORTESIA
3000008,PISCO SOUR CUMPLEAÑERA					,0.097,0.097,3,0.0,2.8197216,6.0,-2.8197216,CORTESIA
3000009,PIÑA COLADA CUMPLEAÑERA,0.871,2.484,77,0.0,2.595909228691983,7.0,-2.595909228691983,CORTESIA
3000042,PARRILLA VIKINGA + JARRA DE CHICHA,0.677,2.581,80,130.0,46.79,2.0,83.21000000000001,PROMOCIONES_REDES
3000043,2 HAMBURGUESA CLÁSICA,0.065,0.065,2,34.9,14.2,1.0,20.7,PROMOCIONES_REDES
3000044,2 SALCHIPAPA CLÁSICA,0.097,0.097,3,29.9,15.82,1.0,14.079999999999998,PROMOCIONES_REDES
3000068,PROMO TRIO CRIOLLO,0.29,0.323,10,99.9,23.65,3.0,76.25,PROMOCIONES_REDES
